Title,Status,Body,CTA,Assets,Transcript,Reference_Original_Ad,Type,Brand Voice,Output Image Style,Reference_Ad_Brief,Ad_Brief_Images,Reference Files,Created Date
"Seu comercial fatura bem, mas opera no caos?",Ready for Review,"Eu entendo que você já alcançou um faturamento expressivo, mas a sensação é que o setor comercial poderia render muito mais. A dependência de você para fechar vendas importantes e a falta de um processo claro travam o crescimento.

Nós estruturamos operações comerciais para que funcionem com a precisão de um relógio, usando dados e tecnologia para garantir previsibilidade. Chega de apagar incêndios e depender de heróis.

Receba um Diagnóstico 360º gratuito e descubra os gargalos que impedem sua empresa de dobrar o faturamento com a equipe que você já tem.",Agendar Diagnóstico Gratuito,thumbnail.jpg (https://v5.airtableusercontent.com/v3/u/47/47/1764014400000/gfEWkz97fRPwyWSF6SUErA/8FXnnsFZtlphxPGoYdF5vhMEpbi3OE7RDtCL1MR0bs_52bBV6GSLXT1ceK4Roke-oRoK_shaM0YCHD8HaMCE6inQ_CfDOmy0YVIW0-NH47H4EpAGgq9A4zYjerUbOMKckIgyeGGb-kuf83b2-Yk6akZD9dbyoUY2ST2Ewwa82s4/0E-DLxBhBZYJA1L9ns1XMd56tpegnWZNPRGiOF2UOdU),"HEADLINE: Já fatura 6 dígitos, mas seu comercial ainda depende de você?

SUB-HEADLINE: Transforme um time desengajado e vendas imprevisíveis em uma máquina de resultados que escala sem o seu esforço diário.

- Processo previsível
- Time alinhado com a meta
- Escalabilidade real",Diagnóstico de Estruturação Comercial,Video,Mottivme Sales - Marcos Daniels Voice,,Unnamed record,,"thumbnail.jpg (https://v5.airtableusercontent.com/v3/u/47/47/1764014400000/TfD8yG6-jmWY1YS1-bv-vw/-5F-BRkf6CWOHTaKN0J8nor9ZTDSlBcOe6hyXwov6pTM9V9p1SA6kxFm-opmPDPuqyoKSyI3TVLBbsAkVA_Kd300QUBRFZK0DwJlcOEv9mXO2eTb3TB7DIudtl0aK3GreycpCm2QhuQ9dYe8F_u9xD7tT7Jowrd0Pnv1M3gYVsw/4sZpB0Of3m4KaaIIoZ4Q4OCIz-FD446MXk-hvYjWQtI),video.mp4 (https://v5.airtableusercontent.com/v3/u/47/47/1764014400000/U5aRutCyUa0JzDaP4ZB79w/_brWuaBm1Nx6f9pp82j9ZLUZ6xwC7mMLQQiZEyDzgzf_bYEGoM0NY-G9XvkCjNScZcbIaJ_RqAe2iMNxzvL-Ki-QGYax-jBF2HuI8wuXcbIoMlClFVf43PGy6strA6nuZgYmbWTBImaAFs9-JLdAUk-ihWU5wlgdtXe6fj9Ius0/405_D3US4RxFpSVpXxYvAgSHwYyvEPa6X_hhiAByvoQ)",5 de Novembro de 2025 8:47am
Seu Faturamento Travou? O Problema é o Processo.,Ready for Review,"Seu time comercial parece estagnado mesmo com um bom faturamento? O problema raramente está nas pessoas. Está na ausência de um sistema que funcione sem você.

Agende um diagnóstico gratuito e descubra como implementar um processo que gera vendas previsíveis.",Agendar Agora,thumbnail.jpg (https://v5.airtableusercontent.com/v3/u/47/47/1764014400000/0h65rQ_l9Uz66rqOkKct-g/YdjPpCvq-U2LSZs0isC0sIu-o08VEfvYmunJv7nOVcIsN7VXw239xSsR23PZ3CVE-foP1dEmyIG8rwWJUxlQrhjGanJEXiTQncUdSxjOp7NV9rdSCcTIIlVSmNkpm0uVlxMDJBaHod6kVxxTjg6sNf2nfwxVCMWlfdMv_2sFGvI/6txfSt1C6qsDcQWgy-BN__zRFNUw5lVBN2Hdhhpqo_Y),"Você já passou dos seis dígitos de faturamento, mas sente que o comercial não evolui na mesma velocidade. O time parece desmotivado com as metas, a previsibilidade de receita é um sonho distante e, para piorar, os melhores negócios ainda precisam da sua intervenção direta.

Agora, visualize uma operação diferente: um sistema comercial que funciona com a precisão de uma engrenagem, com tecnologia e dados que te mostram o caminho, permitindo escalar de verdade, sem depender do seu esforço. E mais: ter um arquiteto de processos te guiando para evitar os erros caros que a maioria comete.

Se essa visão faz sentido, aplique para o Diagnóstico de Processos da Full Sales. Vamos mapear os gargalos da sua operação e desenhar um plano de ação imediato para destravar a performance do seu time. Meu nome é Vinicius de Sá, e nos últimos 12 anos, estruturei operações que geraram mais de R$77 milhões. Nós construímos a maior Sales Tech do Brasil para PMEs porque entendemos que escala não vem de mais gente, mas de mais sistema.

Nossos mais de 250 clientes assessorados comprovam isso. Antes de qualquer coisa, agende uma consultoria gratuita com um de nossos especialistas. Ele vai te mostrar os próximos passos para transformar seu comercial em um ativo previsível e lucrativo. Porque o coração da sua empresa precisa de sistema, não de improviso. Clique em 'Agendar Agora' e vamos começar.",Diagnóstico de Estruturação Comercial,Video,Mottivme Sales - Marcos Daniels Voice,,Unnamed record,,"thumbnail.jpg (https://v5.airtableusercontent.com/v3/u/47/47/1764014400000/TfD8yG6-jmWY1YS1-bv-vw/-5F-BRkf6CWOHTaKN0J8nor9ZTDSlBcOe6hyXwov6pTM9V9p1SA6kxFm-opmPDPuqyoKSyI3TVLBbsAkVA_Kd300QUBRFZK0DwJlcOEv9mXO2eTb3TB7DIudtl0aK3GreycpCm2QhuQ9dYe8F_u9xD7tT7Jowrd0Pnv1M3gYVsw/4sZpB0Of3m4KaaIIoZ4Q4OCIz-FD446MXk-hvYjWQtI),video.mp4 (https://v5.airtableusercontent.com/v3/u/47/47/1764014400000/U5aRutCyUa0JzDaP4ZB79w/_brWuaBm1Nx6f9pp82j9ZLUZ6xwC7mMLQQiZEyDzgzf_bYEGoM0NY-G9XvkCjNScZcbIaJ_RqAe2iMNxzvL-Ki-QGYax-jBF2HuI8wuXcbIoMlClFVf43PGy6strA6nuZgYmbWTBImaAFs9-JLdAUk-ihWU5wlgdtXe6fj9Ius0/405_D3US4RxFpSVpXxYvAgSHwYyvEPa6X_hhiAByvoQ)",5 de Novembro de 2025 9:33am
O Sistema Comercial que Roda Sem Você.,Ready for Review,"Você é o herói ou o gargalo do seu time de vendas? Se a operação para quando você não está olhando, você não tem um negócio escalável.

Construa um sistema comercial que gera receita previsível e te devolve o tempo para ser o dono. Participe de um diagnóstico gratuito.",Saiba Mais,thumbnail.jpg (https://v5.airtableusercontent.com/v3/u/47/47/1764014400000/kUvoUfFh-Q3i-8wqQ2gJjg/I6FldJ1fFPa5PPbCnrTakwiqGr4JceEooGPaLVgOu6XYsMep0EP1lcAyK0KlpZISOViOhXwiXAssr1lgpUKA2QA-Kc1-lUX42mID2wePB6JjXGam0A60NMDcPlh2ZjYDtlrkHo35ppWjqd_Q3NKNF55DUVVwC2zL9vL8Vn2_iSU/M8fZFTi73vE5x82iTfFQ1g0CZ0vHnTliTLdhifYwV9s),"Sua empresa fatura bem, mas quanto do seu dia o setor comercial ainda consome? Se você passa mais tempo apagando incêndios e empurrando vendas do que atuando como estrategista, temos um problema.

Imagine poder tirar uma semana de férias com a certeza de que as metas serão batidas. Imagine um time engajado, que segue um processo claro e usa dados para tomar decisões, liberando você para focar no crescimento do negócio. Isso não é um sonho, é o resultado de um sistema bem estruturado.

Nós da Full Sales somos obcecados por construir essas máquinas de vendas para pequenas e médias empresas. Eu sou Vinicius de Sá, e minha experiência na linha de frente, faturando mais de R$77 milhões, me ensinou que a liberdade do dono vem de processos, não de esforço. Foi por isso que criamos a maior Sales Tech do país, com mais de 250 operações otimizadas.

Quer entender como aplicar isso na sua realidade? O primeiro passo é um Diagnóstico 360, uma sessão estratégica gratuita onde vamos identificar os pontos que travam sua operação e sua liberdade. O comercial é o motor do seu negócio; vamos garantir que ele funcione sozinho. Toque em 'Saiba Mais' para destravar sua escala.",Diagnóstico de Estruturação Comercial,Video,Mottivme Sales - Marcos Daniels Voice,,Unnamed record,,"thumbnail.jpg (https://v5.airtableusercontent.com/v3/u/47/47/1764014400000/TfD8yG6-jmWY1YS1-bv-vw/-5F-BRkf6CWOHTaKN0J8nor9ZTDSlBcOe6hyXwov6pTM9V9p1SA6kxFm-opmPDPuqyoKSyI3TVLBbsAkVA_Kd300QUBRFZK0DwJlcOEv9mXO2eTb3TB7DIudtl0aK3GreycpCm2QhuQ9dYe8F_u9xD7tT7Jowrd0Pnv1M3gYVsw/4sZpB0Of3m4KaaIIoZ4Q4OCIz-FD446MXk-hvYjWQtI),video.mp4 (https://v5.airtableusercontent.com/v3/u/47/47/1764014400000/U5aRutCyUa0JzDaP4ZB79w/_brWuaBm1Nx6f9pp82j9ZLUZ6xwC7mMLQQiZEyDzgzf_bYEGoM0NY-G9XvkCjNScZcbIaJ_RqAe2iMNxzvL-Ki-QGYax-jBF2HuI8wuXcbIoMlClFVf43PGy6strA6nuZgYmbWTBImaAFs9-JLdAUk-ihWU5wlgdtXe6fj9Ius0/405_D3US4RxFpSVpXxYvAgSHwYyvEPa6X_hhiAByvoQ)",5 de Novembro de 2025 9:39am
Seu consultório pode gerar 100k/mês com previsibilidade?,Ready for Review,"Uma sessão de 30 minutos com meu time é o suficiente para desenhar o caminho para seus 100k/mês. E não, você não precisa ser uma celebridade médica para isso.

Muitos profissionais da saúde acreditam que uma vida com tempo livre é impossível. Eu mesmo, 7 anos atrás, destravei isso com um sistema que me permitia cobrar 1,5K por consulta.

Esse método se chama HEX-MED e é baseado em 3 eixos:
1️⃣ Posicionamento Autêntico (MAP)
2️⃣ Comunicação Magnética (CMM)
3️⃣ Fluxo de Cliente Ideal (FCI)

Você também pode implementar um MOVIMENTO de autenticidade na sua carreira e desenvolver uma COMUNICAÇÃO que atrai o CLIENTE certo.

Para entender como aplicar o sistema HEX-MED na sua realidade, candidate-se a uma Sessão de Diagnóstico gratuita com meu time.",Saiba mais,,"O SISTEMA
MÉDICO 100K

Junte-se aos mais de 1.000 médicos que construíram um faturamento previsível de 100 mil mensais.

Sem depender de plantões exaustivos ou da burocracia de convênios.

SESSÃO DE DIAGNÓSTICO
DE R$ 1.197,00
POR R$ 0,00

TOQUE E AGENDE SEU DIAGNÓSTICO",[Sessão Gratuita] 30 minutos com meu time,Image,Mottivme Sales - Marcos Daniels Voice,,Unnamed record,,image.jpg (https://v5.airtableusercontent.com/v3/u/47/47/1764014400000/BHVYOvXoiTUaPO0wa8CWqQ/bXyUpv3kcUDEePfo5I7m7FNSVU5t3Cv49Ddmuntar1YoRsl9FihJphsAHQQj8Gms7j614BbNYRGcB0qmpTuD2ryJPitam_z1f5xAZn2c6YzOoWcWAQ_eEXBguWwtr22zl5uPPts4A4gkoQvZqrF4OZP2aMc4IEUU3kd4d_UyDxg/36wjnjBxPWMhzuRtlDXezPGlTkbIfbePOGTfpaga-0g),20 de Novembro de 2025 6:34am