tipo,categoria,valor,data_pagamento,status
Sistemas,,1563.0,2024-08-25 16:08:41,PAGO
Funcionários,,4975.06,2024-10-25 16:08:41,PAGO
DARF/DAS/FTGS,,469.25,2025-03-25 00:00:00,PAGO
endereço digital,,220.0,2025-02-25 00:00:00,PAGO
ifood novos colaboradores,,159.98,2024-12-25 16:08:41,PAGO
Advogado,,750.0,2024-09-25 16:08:41,PAGO
Contador,,400.0,2024-09-25 16:08:41,PAGO
BPO,,1500.0,2025-06-25 00:00:00,PAGO
Funcionários,,10618.75,2025-01-25 00:00:00,PAGO
cesta Edna,,115.0,2024-11-25 16:08:41,PAGO
Sistemas,,4254.83,2025-04-25 00:00:00,PAGO
honorários contador,,347.0,2025-06-25 00:00:00,PAGO
CRM Theodore Lewis,,1699.5,2025-01-25 00:00:00,PAGO
linkdln,,1350.0,2025-02-25 00:00:00,PAGO
endereço digital,,110.0,2024-11-25 16:08:41,PAGO
Sistemas,,2593.78,2025-06-25 00:00:00,PAGO
vivo internet,,99.0,2025-06-25 00:00:00,PAGO
Curso,,50.0,2025-01-25 00:00:00,PAGO
Contador,,400.0,2024-11-25 16:08:41,PAGO
Impostos,,976.18,2024-12-25 16:08:41,PAGO
Implementacao BPO,,1500.0,2025-05-25 00:00:00,PAGO
Sistemas,,2895.51,2024-12-25 16:08:41,PAGO
BI,,1000.0,2024-11-25 16:08:41,PAGO
espaço gravação,,90.0,2024-10-25 16:08:41,PAGO
Jurídico,,1500.0,2025-05-25 00:00:00,PAGO
Advogado,,750.0,2024-11-25 16:08:41,PAGO
Funcionários,,16985.54,2025-03-25 00:00:00,PAGO
Implementacao BPO,,2200.0,2025-04-25 00:00:00,PAGO
Contador,,347.0,2025-02-25 00:00:00,PAGO
social midia,,1500.0,2025-01-25 00:00:00,PAGO
Gabi,,9239.13,2024-12-25 16:08:41,PAGO
vivo celular,,139.96,2025-06-25 00:00:00,PAGO
Impostos,,1979.0,2024-09-25 16:08:41,PAGO
Tranferencia da empresa,,947.0,2025-03-25 00:00:00,PAGO
Funcionários,,6574.66,2024-11-25 16:08:41,PAGO
Conceição,,190.0,2025-03-25 00:00:00,PAGO
Vanessa,,569.97,2025-03-25 00:00:00,PAGO
Recisão,,1081.0,2024-08-25 16:08:41,PAGO
endereço digital,,110.0,2024-12-25 16:08:41,PAGO
Funcionários,,8605.61,2024-12-25 16:08:41,PAGO
vivo celular,,139.96,2025-04-25 00:00:00,PAGO
Sistemas,,2914.65,2024-11-25 16:08:41,PAGO
imposto,,1464.8,2025-02-25 00:00:00,PAGO
Funcionários,,10580.0,2025-05-25 00:00:00,PAGO
endereço fiscal,,231.04,2025-06-25 00:00:00,PAGO
advogado,,700.0,2025-06-25 00:00:00,PAGO
Filmaker,,1500.0,2024-09-25 16:08:41,PAGO
Gabi,,3638.0,2024-09-25 16:08:41,PAGO
DARF/DAS/FGTS,,152.96,2025-04-25 00:00:00,PAGO
endereço digital,,110.0,2025-01-25 00:00:00,PAGO
endereço fiscal,,231.9,2025-06-25 00:00:00,PAGO
honorários contador,,347.0,2025-03-25 00:00:00,PAGO
Gabi,,6816.13,2024-11-25 16:08:41,PAGO
Advogado,,750.0,2024-08-25 16:08:41,PAGO
Impostos,,220.0,2025-01-25 00:00:00,PAGO
espaço gravação,,90.0,2024-11-25 16:08:41,PAGO
Acordo com Gabi,,8000.0,2025-03-25 00:00:00,PAGO
FGTS,,0.0,2025-06-25 00:00:00,PAGO
Registro de marca mtvm Sales,,450.0,2025-03-25 00:00:00,PAGO
Serasa PJ,,1354.63,2025-03-25 00:00:00,PAGO
cata cliente,,1890.0,2024-10-25 16:08:41,PAGO
Muyane,,127.0,2025-03-25 00:00:00,PAGO
exame Isabella,,50.0,2025-01-25 00:00:00,PAGO
extras,,296.91,2025-01-25 00:00:00,PAGO
Funcionários,,3885.0,2024-08-25 16:08:41,PAGO
Funcionários,,10457.0,2025-06-25 00:00:00,PAGO
Gabi,,7893.05,2024-10-25 16:08:41,PAGO
Advogado,,750.0,2024-10-25 16:08:41,PAGO
Recisão,,2860.0,2024-11-25 16:08:41,PAGO
personalizado equipe,,1350.0,2024-12-25 16:08:41,PAGO
Funcionários,,4768.24,2024-09-25 16:08:41,PAGO
Funcionários,,10125.07,2025-02-25 00:00:00,PAGO
vivo internet,,99.0,2025-04-25 00:00:00,PAGO
Sistemas,,2710.75,2025-01-25 00:00:00,PAGO
Impostos,,1898.79,2024-10-25 16:08:41,PAGO
vivo internet,,99.0,2025-05-25 00:00:00,PAGO
Advogado,,975.0,2025-03-25 00:00:00,PAGO
social midia,,1500.0,2025-03-25 00:00:00,PAGO
social midia,,1500.0,2025-04-25 00:00:00,PAGO
Advogado,,975.0,2025-01-25 00:00:00,PAGO
Contador,,347.0,2025-01-25 00:00:00,PAGO
Baixa do MEI,,533.73,2025-03-25 00:00:00,PAGO
panetone,,115.5,2024-12-25 16:08:41,PAGO
Sistemas,,1439.21,2024-09-25 16:08:41,PAGO
Contador,,307.0,2024-08-25 16:08:41,PAGO
vivo celular,,139.96,2025-05-25 00:00:00,PAGO
Sistemas,,2045.06,2025-05-25 00:00:00,PAGO
Baixa da carteira de Isa,,1752.58,2025-04-25 00:00:00,PAGO
Advogado,,975.0,2025-02-25 00:00:00,PAGO
correios,,264.3,2024-12-25 16:08:41,PAGO
Recisão,,302.5,2024-10-25 16:08:41,PAGO
Impostos,,1131.2,2024-11-25 16:08:41,PAGO
Impostos,,327.61,2025-02-25 00:00:00,PAGO
Chocolate time,,54.95,2025-03-25 00:00:00,PAGO
Contador,,400.0,2024-12-25 16:08:41,PAGO
BI,,500.0,2025-01-25 00:00:00,PAGO
metodo CIS,,146.4,2024-10-25 16:08:41,PAGO
social midia,,1500.0,2025-02-25 00:00:00,PAGO
Funcionários,,14817.8,2025-04-25 00:00:00,PAGO
honorários contador,,347.0,2025-04-25 00:00:00,PAGO
Comissoes edna,,65.0,2025-02-25 00:00:00,PAGO
Serviço Power BI,,1000.0,2024-09-25 16:08:41,PAGO
Sistemas,,2251.0,2024-10-25 16:08:41,PAGO
Recisão,,1182.0,2024-09-25 16:08:41,PAGO
endereço digital,,110.0,2024-10-25 16:08:41,PAGO
txa alteração empresa,,211.01,2025-01-25 00:00:00,PAGO
comissoes,,1000.0,2025-04-25 00:00:00,PAGO
Sistemas,,1505.29,2025-03-25 00:00:00,PAGO
Filmaker,,1500.0,2024-11-25 16:08:41,PAGO
Sistemas,,2415.48,2025-02-25 00:00:00,PAGO
alvará,,122.52,2025-03-25 00:00:00,PAGO
honorários contador,,347.0,2025-05-25 00:00:00,PAGO
Serasa PJ,,1687.24,2025-04-25 00:00:00,PAGO
Eventos,,700.0,2025-02-25 00:00:00,PAGO
Advogado,,750.0,2024-12-25 16:08:41,PAGO
Comissão Fernanda Lappe- Gabi,,902.5,2025-03-25 00:00:00,PAGO
Correios lembranças time,,224.5,2025-03-25 00:00:00,PAGO
inss,,771.89,2025-06-25 00:00:00,PAGO
Jurídico,,1500.0,2025-04-25 00:00:00,PAGO
cestas de natal,,1171.55,2024-12-25 16:08:41,PAGO
Contador,,400.0,2024-10-25 16:08:41,PAGO